Algorithm,Step,Cylinder
FCFS,0,2500
FCFS,1,3545
FCFS,2,985
FCFS,3,2714
FCFS,4,3345
FCFS,5,4695
FCFS,6,1374
FCFS,7,4787
FCFS,8,186
FCFS,9,58
FCFS,10,3143
FCFS,11,4972
FCFS,12,1586
FCFS,13,679
FCFS,14,2795
FCFS,15,1137
FCFS,16,518
FCFS,17,2324
FCFS,18,4992
FCFS,19,4265
FCFS,20,2038
FCFS,21,4803
FCFS,22,2207
FCFS,23,374
FCFS,24,2094
FCFS,25,1950
FCFS,26,3657
FCFS,27,2110
FCFS,28,2532
FCFS,29,4637
FCFS,30,4515
FCFS,31,1455
FCFS,32,235
FCFS,33,2982
FCFS,34,3678
FCFS,35,1038
FCFS,36,1423
FCFS,37,1837
FCFS,38,483
FCFS,39,257
FCFS,40,1465
FCFS,41,4637
FCFS,42,3709
FCFS,43,1798
FCFS,44,2574
FCFS,45,2997
FCFS,46,2742
FCFS,47,2355
FCFS,48,1059
FCFS,49,1526
FCFS,50,1383
FCFS,51,4128
FCFS,52,2603
FCFS,53,4780
FCFS,54,2994
FCFS,55,82
FCFS,56,4365
FCFS,57,2979
FCFS,58,4370
FCFS,59,3225
FCFS,60,4687
FCFS,61,2964
FCFS,62,134
FCFS,63,732
FCFS,64,3080
FCFS,65,296
FCFS,66,2361
FCFS,67,3707
FCFS,68,2301
FCFS,69,1836
FCFS,70,22
FCFS,71,653
FCFS,72,2002
FCFS,73,2029
FCFS,74,1226
FCFS,75,3203
FCFS,76,3443
FCFS,77,2590
FCFS,78,3498
FCFS,79,3340
FCFS,80,4651
FCFS,81,56
FCFS,82,3815
FCFS,83,579
FCFS,84,876
FCFS,85,4218
FCFS,86,1039
FCFS,87,1719
FCFS,88,4824
FCFS,89,4121
FCFS,90,4542
FCFS,91,1649
FCFS,92,2937
FCFS,93,1257
FCFS,94,1733
FCFS,95,3891
FCFS,96,4876
FCFS,97,3332
FCFS,98,2217
FCFS,99,1127
FCFS,100,267
FCFS,101,19
FCFS,102,1663
FCFS,103,1381
FCFS,104,4922
FCFS,105,4435
FCFS,106,2287
FCFS,107,4297
FCFS,108,2050
FCFS,109,2386
FCFS,110,542
FCFS,111,4148
FCFS,112,2085
FCFS,113,3194
FCFS,114,4017
FCFS,115,554
FCFS,116,3705
FCFS,117,764
FCFS,118,3822
FCFS,119,4877
FCFS,120,2353
FCFS,121,3089
FCFS,122,4765
FCFS,123,4872
FCFS,124,4079
FCFS,125,1149
FCFS,126,3680
FCFS,127,486
FCFS,128,3551
FCFS,129,965
FCFS,130,2591
FCFS,131,4531
FCFS,132,1960
FCFS,133,1354
FCFS,134,4855
FCFS,135,1219
FCFS,136,3164
FCFS,137,2311
FCFS,138,3179
FCFS,139,1642
FCFS,140,3603
FCFS,141,2184
FCFS,142,4899
FCFS,143,2132
FCFS,144,1194
FCFS,145,1171
FCFS,146,1180
FCFS,147,2974
FCFS,148,3058
FCFS,149,11
FCFS,150,3832
FCFS,151,1980
FCFS,152,102
FCFS,153,3618
FCFS,154,2024
FCFS,155,1828
FCFS,156,4500
FCFS,157,607
FCFS,158,887
FCFS,159,3971
FCFS,160,1304
FCFS,161,2553
FCFS,162,4217
FCFS,163,2759
FCFS,164,2446
FCFS,165,3755
FCFS,166,2892
FCFS,167,1237
FCFS,168,631
FCFS,169,2136
FCFS,170,2118
FCFS,171,1548
FCFS,172,661
FCFS,173,4192
FCFS,174,367
FCFS,175,242
FCFS,176,3010
FCFS,177,3012
FCFS,178,888
FCFS,179,3205
FCFS,180,3254
FCFS,181,1654
FCFS,182,1868
FCFS,183,1052
FCFS,184,496
FCFS,185,469
FCFS,186,2998
FCFS,187,135
FCFS,188,703
FCFS,189,3312
FCFS,190,2115
FCFS,191,2332
FCFS,192,3536
FCFS,193,4552
FCFS,194,298
FCFS,195,2708
FCFS,196,299
FCFS,197,4235
FCFS,198,4617
FCFS,199,3645
FCFS,200,2194
FCFS,201,1950
FCFS,202,4249
FCFS,203,4009
FCFS,204,3674
FCFS,205,2491
FCFS,206,4596
FCFS,207,2567
FCFS,208,605
FCFS,209,1532
FCFS,210,3958
FCFS,211,3065
FCFS,212,1502
FCFS,213,30
FCFS,214,2579
FCFS,215,181
FCFS,216,4158
FCFS,217,3889
FCFS,218,4063
FCFS,219,2160
FCFS,220,2079
FCFS,221,2047
FCFS,222,596
FCFS,223,1920
FCFS,224,2688
FCFS,225,3371
FCFS,226,3727
FCFS,227,1648
FCFS,228,3056
FCFS,229,4989
FCFS,230,4411
FCFS,231,2946
FCFS,232,1998
FCFS,233,2515
FCFS,234,1643
FCFS,235,464
FCFS,236,976
FCFS,237,4105
FCFS,238,778
FCFS,239,2723
FCFS,240,2482
FCFS,241,36
FCFS,242,4829
FCFS,243,4120
FCFS,244,1826
FCFS,245,187
FCFS,246,83
FCFS,247,3056
FCFS,248,3218
FCFS,249,3455
FCFS,250,756
FCFS,251,4486
FCFS,252,2605
FCFS,253,4773
FCFS,254,1712
FCFS,255,4151
FCFS,256,2166
FCFS,257,4746
FCFS,258,3793
FCFS,259,2141
FCFS,260,2837
FCFS,261,2846
FCFS,262,4972
FCFS,263,1476
FCFS,264,2923
FCFS,265,3916
FCFS,266,3836
FCFS,267,4337
FCFS,268,2720
FCFS,269,2929
FCFS,270,4880
FCFS,271,2159
FCFS,272,1955
FCFS,273,3387
FCFS,274,3173
FCFS,275,1620
FCFS,276,1674
FCFS,277,3508
FCFS,278,655
FCFS,279,3963
FCFS,280,1306
FCFS,281,1463
FCFS,282,3308
FCFS,283,4611
FCFS,284,1913
FCFS,285,4090
FCFS,286,3089
FCFS,287,3273
FCFS,288,1346
FCFS,289,2132
FCFS,290,4481
FCFS,291,2657
FCFS,292,1346
FCFS,293,4281
FCFS,294,2307
FCFS,295,475
FCFS,296,3817
FCFS,297,3964
FCFS,298,1220
FCFS,299,1036
FCFS,300,4714
FCFS,301,2500
FCFS,302,1718
FCFS,303,3457
FCFS,304,534
FCFS,305,4706
FCFS,306,2287
FCFS,307,2259
FCFS,308,845
FCFS,309,3786
FCFS,310,2268
FCFS,311,4488
FCFS,312,255
FCFS,313,4536
FCFS,314,3343
FCFS,315,2014
FCFS,316,4219
FCFS,317,2237
FCFS,318,3430
FCFS,319,1902
FCFS,320,1646
FCFS,321,546
FCFS,322,4471
FCFS,323,3118
FCFS,324,1478
FCFS,325,3172
FCFS,326,201
FCFS,327,2407
FCFS,328,567
FCFS,329,4793
FCFS,330,2188
FCFS,331,4112
FCFS,332,2886
FCFS,333,1529
FCFS,334,1116
FCFS,335,1499
FCFS,336,1236
FCFS,337,3137
FCFS,338,2930
FCFS,339,2487
FCFS,340,1493
FCFS,341,2756
FCFS,342,52
FCFS,343,4581
FCFS,344,1705
FCFS,345,2019
FCFS,346,2717
FCFS,347,927
FCFS,348,1627
FCFS,349,3863
FCFS,350,4216
FCFS,351,486
FCFS,352,448
FCFS,353,1027
FCFS,354,3833
FCFS,355,963
FCFS,356,178
FCFS,357,3039
FCFS,358,3517
FCFS,359,1944
FCFS,360,4494
FCFS,361,3491
FCFS,362,4291
FCFS,363,4639
FCFS,364,2747
FCFS,365,2833
FCFS,366,4515
FCFS,367,3995
FCFS,368,813
FCFS,369,1079
FCFS,370,2790
FCFS,371,4663
FCFS,372,3656
FCFS,373,723
FCFS,374,3605
FCFS,375,2028
FCFS,376,2728
FCFS,377,2583
FCFS,378,1911
FCFS,379,3726
FCFS,380,1360
FCFS,381,1023
FCFS,382,774
FCFS,383,1769
FCFS,384,3874
FCFS,385,640
FCFS,386,105
FCFS,387,1776
FCFS,388,47
FCFS,389,2580
FCFS,390,431
FCFS,391,4982
FCFS,392,1727
FCFS,393,2011
FCFS,394,4242
FCFS,395,137
FCFS,396,4930
FCFS,397,2708
FCFS,398,594
FCFS,399,4795
FCFS,400,4752
FCFS,401,2492
FCFS,402,1484
FCFS,403,3667
FCFS,404,4727
FCFS,405,1470
FCFS,406,1378
FCFS,407,2443
FCFS,408,203
FCFS,409,2621
FCFS,410,4404
FCFS,411,2539
FCFS,412,2995
FCFS,413,4878
FCFS,414,1208
FCFS,415,1863
FCFS,416,1778
FCFS,417,1936
FCFS,418,2750
FCFS,419,3660
FCFS,420,3266
FCFS,421,4592
FCFS,422,1895
FCFS,423,4089
FCFS,424,1592
FCFS,425,2257
FCFS,426,680
FCFS,427,4572
FCFS,428,3492
FCFS,429,481
FCFS,430,4113
FCFS,431,4506
FCFS,432,2815
FCFS,433,4594
FCFS,434,555
FCFS,435,2522
FCFS,436,2218
FCFS,437,654
FCFS,438,128
FCFS,439,2044
FCFS,440,908
FCFS,441,2316
FCFS,442,4533
FCFS,443,3710
FCFS,444,3460
FCFS,445,2299
FCFS,446,4166
FCFS,447,4712
FCFS,448,1056
FCFS,449,4028
FCFS,450,2625
FCFS,451,3401
FCFS,452,446
FCFS,453,4822
FCFS,454,2710
FCFS,455,4129
FCFS,456,4385
FCFS,457,4924
FCFS,458,2477
FCFS,459,3361
FCFS,460,1535
FCFS,461,4497
FCFS,462,912
FCFS,463,2639
FCFS,464,728
FCFS,465,2854
FCFS,466,707
FCFS,467,1774
FCFS,468,3761
FCFS,469,3035
FCFS,470,4393
FCFS,471,1574
FCFS,472,4729
FCFS,473,645
FCFS,474,1865
FCFS,475,2264
FCFS,476,339
FCFS,477,2031
FCFS,478,2145
FCFS,479,4860
FCFS,480,1806
FCFS,481,2052
FCFS,482,817
FCFS,483,1998
FCFS,484,1242
FCFS,485,3115
FCFS,486,4915
FCFS,487,31
FCFS,488,2980
FCFS,489,1732
FCFS,490,4361
FCFS,491,4440
FCFS,492,2819
FCFS,493,1667
FCFS,494,1840
FCFS,495,3772
FCFS,496,2956
FCFS,497,4307
FCFS,498,2876
FCFS,499,646
FCFS,500,4339
FCFS,501,1316
FCFS,502,4789
FCFS,503,3449
FCFS,504,3683
FCFS,505,4839
FCFS,506,128
FCFS,507,207
FCFS,508,1336
FCFS,509,1921
FCFS,510,416
FCFS,511,1380
FCFS,512,91
FCFS,513,1631
FCFS,514,4806
FCFS,515,1899
FCFS,516,965
FCFS,517,4498
FCFS,518,2166
FCFS,519,625
FCFS,520,143
FCFS,521,963
FCFS,522,1293
FCFS,523,1121
FCFS,524,1226
FCFS,525,4080
FCFS,526,1592
FCFS,527,4776
FCFS,528,3235
FCFS,529,1471
FCFS,530,1623
FCFS,531,2578
FCFS,532,1825
FCFS,533,610
FCFS,534,4706
FCFS,535,4613
FCFS,536,4594
FCFS,537,923
FCFS,538,2210
FCFS,539,996
FCFS,540,3202
FCFS,541,3298
FCFS,542,2027
FCFS,543,14
FCFS,544,1782
FCFS,545,2718
FCFS,546,1768
FCFS,547,2537
FCFS,548,48
FCFS,549,1401
FCFS,550,896
FCFS,551,4272
FCFS,552,1220
FCFS,553,3614
FCFS,554,2392
FCFS,555,2005
FCFS,556,2450
FCFS,557,3463
FCFS,558,2641
FCFS,559,1427
FCFS,560,3500
FCFS,561,658
FCFS,562,3971
FCFS,563,227
FCFS,564,1979
FCFS,565,2900
FCFS,566,1386
FCFS,567,2609
FCFS,568,3022
FCFS,569,409
FCFS,570,1232
FCFS,571,2304
FCFS,572,1651
FCFS,573,3826
FCFS,574,4411
FCFS,575,1036
FCFS,576,952
FCFS,577,2984
FCFS,578,808
FCFS,579,2022
FCFS,580,4043
FCFS,581,360
FCFS,582,848
FCFS,583,2165
FCFS,584,1985
FCFS,585,1712
FCFS,586,3706
FCFS,587,4370
FCFS,588,3381
FCFS,589,1721
FCFS,590,770
FCFS,591,1797
FCFS,592,2729
FCFS,593,1973
FCFS,594,1105
FCFS,595,4927
FCFS,596,4609
FCFS,597,4811
FCFS,598,2076
FCFS,599,583
FCFS,600,3262
FCFS,601,1368
FCFS,602,1169
FCFS,603,1017
FCFS,604,1441
FCFS,605,3576
FCFS,606,1703
FCFS,607,2548
FCFS,608,3177
FCFS,609,1662
FCFS,610,189
FCFS,611,987
FCFS,612,318
FCFS,613,3624
FCFS,614,2310
FCFS,615,1630
FCFS,616,4718
FCFS,617,4375
FCFS,618,980
FCFS,619,4178
FCFS,620,2721
FCFS,621,2629
FCFS,622,75
FCFS,623,1790
FCFS,624,3096
FCFS,625,472
FCFS,626,1135
FCFS,627,535
FCFS,628,2947
FCFS,629,3142
FCFS,630,105
FCFS,631,3975
FCFS,632,3347
FCFS,633,129
FCFS,634,1765
FCFS,635,3241
FCFS,636,2989
FCFS,637,565
FCFS,638,191
FCFS,639,3792
FCFS,640,2768
FCFS,641,1239
FCFS,642,3408
FCFS,643,3208
FCFS,644,201
FCFS,645,2545
FCFS,646,1651
FCFS,647,61
FCFS,648,973
FCFS,649,139
FCFS,650,4117
FCFS,651,4907
FCFS,652,2062
FCFS,653,4604
FCFS,654,2964
FCFS,655,2910
FCFS,656,1050
FCFS,657,1074
FCFS,658,1871
FCFS,659,1819
FCFS,660,345
FCFS,661,4334
FCFS,662,2111
FCFS,663,4359
FCFS,664,45
FCFS,665,1275
FCFS,666,3621
FCFS,667,1526
FCFS,668,4062
FCFS,669,4144
FCFS,670,3404
FCFS,671,766
FCFS,672,2775
FCFS,673,2996
FCFS,674,4815
FCFS,675,4446
FCFS,676,1299
FCFS,677,3114
FCFS,678,246
FCFS,679,2145
FCFS,680,3269
FCFS,681,2405
FCFS,682,2717
FCFS,683,951
FCFS,684,2582
FCFS,685,1238
FCFS,686,1854
FCFS,687,4493
FCFS,688,1775
FCFS,689,1419
FCFS,690,3049
FCFS,691,3300
FCFS,692,1970
FCFS,693,4466
FCFS,694,4744
FCFS,695,3376
FCFS,696,1628
FCFS,697,951
FCFS,698,2032
FCFS,699,2642
FCFS,700,4782
FCFS,701,3842
FCFS,702,949
FCFS,703,1144
FCFS,704,516
FCFS,705,933
FCFS,706,1764
FCFS,707,211
FCFS,708,1877
FCFS,709,1500
FCFS,710,3319
FCFS,711,3705
FCFS,712,2861
FCFS,713,61
FCFS,714,541
FCFS,715,3685
FCFS,716,1647
FCFS,717,762
FCFS,718,3544
FCFS,719,1476
FCFS,720,1423
FCFS,721,2941
FCFS,722,1331
FCFS,723,2640
FCFS,724,1415
FCFS,725,2027
FCFS,726,4036
FCFS,727,2730
FCFS,728,2872
FCFS,729,1324
FCFS,730,2526
FCFS,731,2036
FCFS,732,3155
FCFS,733,1595
FCFS,734,2978
FCFS,735,2125
FCFS,736,1512
FCFS,737,1145
FCFS,738,231
FCFS,739,1392
FCFS,740,2552
FCFS,741,1278
FCFS,742,4407
FCFS,743,3399
FCFS,744,2510
FCFS,745,250
FCFS,746,1044
FCFS,747,3700
FCFS,748,139
FCFS,749,3281
FCFS,750,4307
FCFS,751,1089
FCFS,752,418
FCFS,753,326
FCFS,754,2543
FCFS,755,2793
FCFS,756,1856
FCFS,757,145
FCFS,758,3258
FCFS,759,262
FCFS,760,2288
FCFS,761,2283
FCFS,762,3720
FCFS,763,443
FCFS,764,79
FCFS,765,3977
FCFS,766,724
FCFS,767,3741
FCFS,768,555
FCFS,769,216
FCFS,770,3654
FCFS,771,1934
FCFS,772,4593
FCFS,773,129
FCFS,774,2053
FCFS,775,2178
FCFS,776,1480
FCFS,777,1677
FCFS,778,4610
FCFS,779,3038
FCFS,780,664
FCFS,781,1842
FCFS,782,4261
FCFS,783,1701
FCFS,784,151
FCFS,785,2054
FCFS,786,4973
FCFS,787,2621
FCFS,788,4357
FCFS,789,1587
FCFS,790,3994
FCFS,791,3338
FCFS,792,1590
FCFS,793,3044
FCFS,794,4996
FCFS,795,1745
FCFS,796,3264
FCFS,797,4975
FCFS,798,2657
FCFS,799,2160
FCFS,800,1173
FCFS,801,2987
FCFS,802,4635
FCFS,803,1156
FCFS,804,3859
FCFS,805,3676
FCFS,806,881
FCFS,807,2130
FCFS,808,3
FCFS,809,3533
FCFS,810,3552
FCFS,811,722
FCFS,812,2111
FCFS,813,1366
FCFS,814,4608
FCFS,815,1745
FCFS,816,1287
FCFS,817,4862
FCFS,818,3299
FCFS,819,2974
FCFS,820,4565
FCFS,821,4298
FCFS,822,1676
FCFS,823,463
FCFS,824,4528
FCFS,825,3310
FCFS,826,4365
FCFS,827,4037
FCFS,828,3310
FCFS,829,2675
FCFS,830,4404
FCFS,831,3078
FCFS,832,630
FCFS,833,858
FCFS,834,3238
FCFS,835,897
FCFS,836,3557
FCFS,837,1648
FCFS,838,1595
FCFS,839,2639
FCFS,840,2582
FCFS,841,3803
FCFS,842,2109
FCFS,843,3920
FCFS,844,1791
FCFS,845,1412
FCFS,846,3788
FCFS,847,4715
FCFS,848,458
FCFS,849,4277
FCFS,850,4667
FCFS,851,3379
FCFS,852,3786
FCFS,853,861
FCFS,854,3977
FCFS,855,2438
FCFS,856,1359
FCFS,857,2114
FCFS,858,4528
FCFS,859,167
FCFS,860,1475
FCFS,861,878
FCFS,862,3290
FCFS,863,3327
FCFS,864,2693
FCFS,865,717
FCFS,866,917
FCFS,867,4447
FCFS,868,4782
FCFS,869,4485
FCFS,870,2140
FCFS,871,1457
FCFS,872,1923
FCFS,873,4263
FCFS,874,3681
FCFS,875,2856
FCFS,876,3834
FCFS,877,3949
FCFS,878,4087
FCFS,879,4709
FCFS,880,800
FCFS,881,1853
FCFS,882,381
FCFS,883,883
FCFS,884,674
FCFS,885,733
FCFS,886,184
FCFS,887,3429
FCFS,888,2771
FCFS,889,3439
FCFS,890,2887
FCFS,891,3895
FCFS,892,3061
FCFS,893,255
FCFS,894,1029
FCFS,895,2035
FCFS,896,2099
FCFS,897,3778
FCFS,898,1058
FCFS,899,3773
FCFS,900,1519
FCFS,901,1194
FCFS,902,4843
FCFS,903,1400
FCFS,904,2232
FCFS,905,2176
FCFS,906,1900
FCFS,907,898
FCFS,908,790
FCFS,909,1121
FCFS,910,3339
FCFS,911,1957
FCFS,912,4185
FCFS,913,4627
FCFS,914,1439
FCFS,915,680
FCFS,916,1238
FCFS,917,3545
FCFS,918,4593
FCFS,919,438
FCFS,920,4259
FCFS,921,2830
FCFS,922,1001
FCFS,923,3733
FCFS,924,1798
FCFS,925,3351
FCFS,926,2108
FCFS,927,3930
FCFS,928,624
FCFS,929,1212
FCFS,930,4508
FCFS,931,595
FCFS,932,2336
FCFS,933,4264
FCFS,934,4273
FCFS,935,3116
FCFS,936,4758
FCFS,937,830
FCFS,938,1791
FCFS,939,3398
FCFS,940,2028
FCFS,941,1407
FCFS,942,2688
FCFS,943,685
FCFS,944,3988
FCFS,945,3969
FCFS,946,235
FCFS,947,2713
FCFS,948,4374
FCFS,949,1338
FCFS,950,348
FCFS,951,528
FCFS,952,1752
FCFS,953,4622
FCFS,954,4591
FCFS,955,1873
FCFS,956,996
FCFS,957,2885
FCFS,958,1559
FCFS,959,2108
FCFS,960,476
FCFS,961,745
FCFS,962,3508
FCFS,963,3081
FCFS,964,3689
FCFS,965,4750
FCFS,966,1077
FCFS,967,622
FCFS,968,1180
FCFS,969,2842
FCFS,970,2537
FCFS,971,4924
FCFS,972,2572
FCFS,973,3999
FCFS,974,1588
FCFS,975,4020
FCFS,976,1786
FCFS,977,1735
FCFS,978,4392
FCFS,979,3374
FCFS,980,1330
FCFS,981,2488
FCFS,982,602
FCFS,983,3595
FCFS,984,987
FCFS,985,872
FCFS,986,4607
FCFS,987,4724
FCFS,988,1855
FCFS,989,3986
FCFS,990,4959
FCFS,991,4193
FCFS,992,903
FCFS,993,3897
FCFS,994,2761
FCFS,995,3079
FCFS,996,1617
FCFS,997,2189
FCFS,998,1983
FCFS,999,228
FCFS,1000,2452
SCAN,0,2500
SCAN,1,2500
SCAN,2,2510
SCAN,3,2515
SCAN,4,2522
SCAN,5,2526
SCAN,6,2532
SCAN,7,2537
SCAN,8,2537
SCAN,9,2539
SCAN,10,2543
SCAN,11,2545
SCAN,12,2548
SCAN,13,2552
SCAN,14,2553
SCAN,15,2567
SCAN,16,2572
SCAN,17,2574
SCAN,18,2578
SCAN,19,2579
SCAN,20,2580
SCAN,21,2582
SCAN,22,2582
SCAN,23,2583
SCAN,24,2590
SCAN,25,2591
SCAN,26,2603
SCAN,27,2605
SCAN,28,2609
SCAN,29,2621
SCAN,30,2621
SCAN,31,2625
SCAN,32,2629
SCAN,33,2639
SCAN,34,2639
SCAN,35,2640
SCAN,36,2641
SCAN,37,2642
SCAN,38,2657
SCAN,39,2657
SCAN,40,2675
SCAN,41,2688
SCAN,42,2688
SCAN,43,2693
SCAN,44,2708
SCAN,45,2708
SCAN,46,2710
SCAN,47,2713
SCAN,48,2714
SCAN,49,2717
SCAN,50,2717
SCAN,51,2718
SCAN,52,2720
SCAN,53,2721
SCAN,54,2723
SCAN,55,2728
SCAN,56,2729
SCAN,57,2730
SCAN,58,2742
SCAN,59,2747
SCAN,60,2750
SCAN,61,2756
SCAN,62,2759
SCAN,63,2761
SCAN,64,2768
SCAN,65,2771
SCAN,66,2775
SCAN,67,2790
SCAN,68,2793
SCAN,69,2795
SCAN,70,2815
SCAN,71,2819
SCAN,72,2830
SCAN,73,2833
SCAN,74,2837
SCAN,75,2842
SCAN,76,2846
SCAN,77,2854
SCAN,78,2856
SCAN,79,2861
SCAN,80,2872
SCAN,81,2876
SCAN,82,2885
SCAN,83,2886
SCAN,84,2887
SCAN,85,2892
SCAN,86,2900
SCAN,87,2910
SCAN,88,2923
SCAN,89,2929
SCAN,90,2930
SCAN,91,2937
SCAN,92,2941
SCAN,93,2946
SCAN,94,2947
SCAN,95,2956
SCAN,96,2964
SCAN,97,2964
SCAN,98,2974
SCAN,99,2974
SCAN,100,2978
SCAN,101,2979
SCAN,102,2980
SCAN,103,2982
SCAN,104,2984
SCAN,105,2987
SCAN,106,2989
SCAN,107,2994
SCAN,108,2995
SCAN,109,2996
SCAN,110,2997
SCAN,111,2998
SCAN,112,3010
SCAN,113,3012
SCAN,114,3022
SCAN,115,3035
SCAN,116,3038
SCAN,117,3039
SCAN,118,3044
SCAN,119,3049
SCAN,120,3056
SCAN,121,3056
SCAN,122,3058
SCAN,123,3061
SCAN,124,3065
SCAN,125,3078
SCAN,126,3079
SCAN,127,3080
SCAN,128,3081
SCAN,129,3089
SCAN,130,3089
SCAN,131,3096
SCAN,132,3114
SCAN,133,3115
SCAN,134,3116
SCAN,135,3118
SCAN,136,3137
SCAN,137,3142
SCAN,138,3143
SCAN,139,3155
SCAN,140,3164
SCAN,141,3172
SCAN,142,3173
SCAN,143,3177
SCAN,144,3179
SCAN,145,3194
SCAN,146,3202
SCAN,147,3203
SCAN,148,3205
SCAN,149,3208
SCAN,150,3218
SCAN,151,3225
SCAN,152,3235
SCAN,153,3238
SCAN,154,3241
SCAN,155,3254
SCAN,156,3258
SCAN,157,3262
SCAN,158,3264
SCAN,159,3266
SCAN,160,3269
SCAN,161,3273
SCAN,162,3281
SCAN,163,3290
SCAN,164,3298
SCAN,165,3299
SCAN,166,3300
SCAN,167,3308
SCAN,168,3310
SCAN,169,3310
SCAN,170,3312
SCAN,171,3319
SCAN,172,3327
SCAN,173,3332
SCAN,174,3338
SCAN,175,3339
SCAN,176,3340
SCAN,177,3343
SCAN,178,3345
SCAN,179,3347
SCAN,180,3351
SCAN,181,3361
SCAN,182,3371
SCAN,183,3374
SCAN,184,3376
SCAN,185,3379
SCAN,186,3381
SCAN,187,3387
SCAN,188,3398
SCAN,189,3399
SCAN,190,3401
SCAN,191,3404
SCAN,192,3408
SCAN,193,3429
SCAN,194,3430
SCAN,195,3439
SCAN,196,3443
SCAN,197,3449
SCAN,198,3455
SCAN,199,3457
SCAN,200,3460
SCAN,201,3463
SCAN,202,3491
SCAN,203,3492
SCAN,204,3498
SCAN,205,3500
SCAN,206,3508
SCAN,207,3508
SCAN,208,3517
SCAN,209,3533
SCAN,210,3536
SCAN,211,3544
SCAN,212,3545
SCAN,213,3545
SCAN,214,3551
SCAN,215,3552
SCAN,216,3557
SCAN,217,3576
SCAN,218,3595
SCAN,219,3603
SCAN,220,3605
SCAN,221,3614
SCAN,222,3618
SCAN,223,3621
SCAN,224,3624
SCAN,225,3645
SCAN,226,3654
SCAN,227,3656
SCAN,228,3657
SCAN,229,3660
SCAN,230,3667
SCAN,231,3674
SCAN,232,3676
SCAN,233,3678
SCAN,234,3680
SCAN,235,3681
SCAN,236,3683
SCAN,237,3685
SCAN,238,3689
SCAN,239,3700
SCAN,240,3705
SCAN,241,3705
SCAN,242,3706
SCAN,243,3707
SCAN,244,3709
SCAN,245,3710
SCAN,246,3720
SCAN,247,3726
SCAN,248,3727
SCAN,249,3733
SCAN,250,3741
SCAN,251,3755
SCAN,252,3761
SCAN,253,3772
SCAN,254,3773
SCAN,255,3778
SCAN,256,3786
SCAN,257,3786
SCAN,258,3788
SCAN,259,3792
SCAN,260,3793
SCAN,261,3803
SCAN,262,3815
SCAN,263,3817
SCAN,264,3822
SCAN,265,3826
SCAN,266,3832
SCAN,267,3833
SCAN,268,3834
SCAN,269,3836
SCAN,270,3842
SCAN,271,3859
SCAN,272,3863
SCAN,273,3874
SCAN,274,3889
SCAN,275,3891
SCAN,276,3895
SCAN,277,3897
SCAN,278,3916
SCAN,279,3920
SCAN,280,3930
SCAN,281,3949
SCAN,282,3958
SCAN,283,3963
SCAN,284,3964
SCAN,285,3969
SCAN,286,3971
SCAN,287,3971
SCAN,288,3975
SCAN,289,3977
SCAN,290,3977
SCAN,291,3986
SCAN,292,3988
SCAN,293,3994
SCAN,294,3995
SCAN,295,3999
SCAN,296,4009
SCAN,297,4017
SCAN,298,4020
SCAN,299,4028
SCAN,300,4036
SCAN,301,4037
SCAN,302,4043
SCAN,303,4062
SCAN,304,4063
SCAN,305,4079
SCAN,306,4080
SCAN,307,4087
SCAN,308,4089
SCAN,309,4090
SCAN,310,4105
SCAN,311,4112
SCAN,312,4113
SCAN,313,4117
SCAN,314,4120
SCAN,315,4121
SCAN,316,4128
SCAN,317,4129
SCAN,318,4144
SCAN,319,4148
SCAN,320,4151
SCAN,321,4158
SCAN,322,4166
SCAN,323,4178
SCAN,324,4185
SCAN,325,4192
SCAN,326,4193
SCAN,327,4216
SCAN,328,4217
SCAN,329,4218
SCAN,330,4219
SCAN,331,4235
SCAN,332,4242
SCAN,333,4249
SCAN,334,4259
SCAN,335,4261
SCAN,336,4263
SCAN,337,4264
SCAN,338,4265
SCAN,339,4272
SCAN,340,4273
SCAN,341,4277
SCAN,342,4281
SCAN,343,4291
SCAN,344,4297
SCAN,345,4298
SCAN,346,4307
SCAN,347,4307
SCAN,348,4334
SCAN,349,4337
SCAN,350,4339
SCAN,351,4357
SCAN,352,4359
SCAN,353,4361
SCAN,354,4365
SCAN,355,4365
SCAN,356,4370
SCAN,357,4370
SCAN,358,4374
SCAN,359,4375
SCAN,360,4385
SCAN,361,4392
SCAN,362,4393
SCAN,363,4404
SCAN,364,4404
SCAN,365,4407
SCAN,366,4411
SCAN,367,4411
SCAN,368,4435
SCAN,369,4440
SCAN,370,4446
SCAN,371,4447
SCAN,372,4466
SCAN,373,4471
SCAN,374,4481
SCAN,375,4485
SCAN,376,4486
SCAN,377,4488
SCAN,378,4493
SCAN,379,4494
SCAN,380,4497
SCAN,381,4498
SCAN,382,4500
SCAN,383,4506
SCAN,384,4508
SCAN,385,4515
SCAN,386,4515
SCAN,387,4528
SCAN,388,4528
SCAN,389,4531
SCAN,390,4533
SCAN,391,4536
SCAN,392,4542
SCAN,393,4552
SCAN,394,4565
SCAN,395,4572
SCAN,396,4581
SCAN,397,4591
SCAN,398,4592
SCAN,399,4593
SCAN,400,4593
SCAN,401,4594
SCAN,402,4594
SCAN,403,4596
SCAN,404,4604
SCAN,405,4607
SCAN,406,4608
SCAN,407,4609
SCAN,408,4610
SCAN,409,4611
SCAN,410,4613
SCAN,411,4617
SCAN,412,4622
SCAN,413,4627
SCAN,414,4635
SCAN,415,4637
SCAN,416,4637
SCAN,417,4639
SCAN,418,4651
SCAN,419,4663
SCAN,420,4667
SCAN,421,4687
SCAN,422,4695
SCAN,423,4706
SCAN,424,4706
SCAN,425,4709
SCAN,426,4712
SCAN,427,4714
SCAN,428,4715
SCAN,429,4718
SCAN,430,4724
SCAN,431,4727
SCAN,432,4729
SCAN,433,4744
SCAN,434,4746
SCAN,435,4750
SCAN,436,4752
SCAN,437,4758
SCAN,438,4765
SCAN,439,4773
SCAN,440,4776
SCAN,441,4780
SCAN,442,4782
SCAN,443,4782
SCAN,444,4787
SCAN,445,4789
SCAN,446,4793
SCAN,447,4795
SCAN,448,4803
SCAN,449,4806
SCAN,450,4811
SCAN,451,4815
SCAN,452,4822
SCAN,453,4824
SCAN,454,4829
SCAN,455,4839
SCAN,456,4843
SCAN,457,4855
SCAN,458,4860
SCAN,459,4862
SCAN,460,4872
SCAN,461,4876
SCAN,462,4877
SCAN,463,4878
SCAN,464,4880
SCAN,465,4899
SCAN,466,4907
SCAN,467,4915
SCAN,468,4922
SCAN,469,4924
SCAN,470,4924
SCAN,471,4927
SCAN,472,4930
SCAN,473,4959
SCAN,474,4972
SCAN,475,4972
SCAN,476,4973
SCAN,477,4975
SCAN,478,4982
SCAN,479,4989
SCAN,480,4992
SCAN,481,4996
SCAN,482,4999
SCAN,483,2492
SCAN,484,2491
SCAN,485,2488
SCAN,486,2487
SCAN,487,2482
SCAN,488,2477
SCAN,489,2452
SCAN,490,2450
SCAN,491,2446
SCAN,492,2443
SCAN,493,2438
SCAN,494,2407
SCAN,495,2405
SCAN,496,2392
SCAN,497,2386
SCAN,498,2361
SCAN,499,2355
SCAN,500,2353
SCAN,501,2336
SCAN,502,2332
SCAN,503,2324
SCAN,504,2316
SCAN,505,2311
SCAN,506,2310
SCAN,507,2307
SCAN,508,2304
SCAN,509,2301
SCAN,510,2299
SCAN,511,2288
SCAN,512,2287
SCAN,513,2287
SCAN,514,2283
SCAN,515,2268
SCAN,516,2264
SCAN,517,2259
SCAN,518,2257
SCAN,519,2237
SCAN,520,2232
SCAN,521,2218
SCAN,522,2217
SCAN,523,2210
SCAN,524,2207
SCAN,525,2194
SCAN,526,2189
SCAN,527,2188
SCAN,528,2184
SCAN,529,2178
SCAN,530,2176
SCAN,531,2166
SCAN,532,2166
SCAN,533,2165
SCAN,534,2160
SCAN,535,2160
SCAN,536,2159
SCAN,537,2145
SCAN,538,2145
SCAN,539,2141
SCAN,540,2140
SCAN,541,2136
SCAN,542,2132
SCAN,543,2132
SCAN,544,2130
SCAN,545,2125
SCAN,546,2118
SCAN,547,2115
SCAN,548,2114
SCAN,549,2111
SCAN,550,2111
SCAN,551,2110
SCAN,552,2109
SCAN,553,2108
SCAN,554,2108
SCAN,555,2099
SCAN,556,2094
SCAN,557,2085
SCAN,558,2079
SCAN,559,2076
SCAN,560,2062
SCAN,561,2054
SCAN,562,2053
SCAN,563,2052
SCAN,564,2050
SCAN,565,2047
SCAN,566,2044
SCAN,567,2038
SCAN,568,2036
SCAN,569,2035
SCAN,570,2032
SCAN,571,2031
SCAN,572,2029
SCAN,573,2028
SCAN,574,2028
SCAN,575,2027
SCAN,576,2027
SCAN,577,2024
SCAN,578,2022
SCAN,579,2019
SCAN,580,2014
SCAN,581,2011
SCAN,582,2005
SCAN,583,2002
SCAN,584,1998
SCAN,585,1998
SCAN,586,1985
SCAN,587,1983
SCAN,588,1980
SCAN,589,1979
SCAN,590,1973
SCAN,591,1970
SCAN,592,1960
SCAN,593,1957
SCAN,594,1955
SCAN,595,1950
SCAN,596,1950
SCAN,597,1944
SCAN,598,1936
SCAN,599,1934
SCAN,600,1923
SCAN,601,1921
SCAN,602,1920
SCAN,603,1913
SCAN,604,1911
SCAN,605,1902
SCAN,606,1900
SCAN,607,1899
SCAN,608,1895
SCAN,609,1877
SCAN,610,1873
SCAN,611,1871
SCAN,612,1868
SCAN,613,1865
SCAN,614,1863
SCAN,615,1856
SCAN,616,1855
SCAN,617,1854
SCAN,618,1853
SCAN,619,1842
SCAN,620,1840
SCAN,621,1837
SCAN,622,1836
SCAN,623,1828
SCAN,624,1826
SCAN,625,1825
SCAN,626,1819
SCAN,627,1806
SCAN,628,1798
SCAN,629,1798
SCAN,630,1797
SCAN,631,1791
SCAN,632,1791
SCAN,633,1790
SCAN,634,1786
SCAN,635,1782
SCAN,636,1778
SCAN,637,1776
SCAN,638,1775
SCAN,639,1774
SCAN,640,1769
SCAN,641,1768
SCAN,642,1765
SCAN,643,1764
SCAN,644,1752
SCAN,645,1745
SCAN,646,1745
SCAN,647,1735
SCAN,648,1733
SCAN,649,1732
SCAN,650,1727
SCAN,651,1721
SCAN,652,1719
SCAN,653,1718
SCAN,654,1712
SCAN,655,1712
SCAN,656,1705
SCAN,657,1703
SCAN,658,1701
SCAN,659,1677
SCAN,660,1676
SCAN,661,1674
SCAN,662,1667
SCAN,663,1663
SCAN,664,1662
SCAN,665,1654
SCAN,666,1651
SCAN,667,1651
SCAN,668,1649
SCAN,669,1648
SCAN,670,1648
SCAN,671,1647
SCAN,672,1646
SCAN,673,1643
SCAN,674,1642
SCAN,675,1631
SCAN,676,1630
SCAN,677,1628
SCAN,678,1627
SCAN,679,1623
SCAN,680,1620
SCAN,681,1617
SCAN,682,1595
SCAN,683,1595
SCAN,684,1592
SCAN,685,1592
SCAN,686,1590
SCAN,687,1588
SCAN,688,1587
SCAN,689,1586
SCAN,690,1574
SCAN,691,1559
SCAN,692,1548
SCAN,693,1535
SCAN,694,1532
SCAN,695,1529
SCAN,696,1526
SCAN,697,1526
SCAN,698,1519
SCAN,699,1512
SCAN,700,1502
SCAN,701,1500
SCAN,702,1499
SCAN,703,1493
SCAN,704,1484
SCAN,705,1480
SCAN,706,1478
SCAN,707,1476
SCAN,708,1476
SCAN,709,1475
SCAN,710,1471
SCAN,711,1470
SCAN,712,1465
SCAN,713,1463
SCAN,714,1457
SCAN,715,1455
SCAN,716,1441
SCAN,717,1439
SCAN,718,1427
SCAN,719,1423
SCAN,720,1423
SCAN,721,1419
SCAN,722,1415
SCAN,723,1412
SCAN,724,1407
SCAN,725,1401
SCAN,726,1400
SCAN,727,1392
SCAN,728,1386
SCAN,729,1383
SCAN,730,1381
SCAN,731,1380
SCAN,732,1378
SCAN,733,1374
SCAN,734,1368
SCAN,735,1366
SCAN,736,1360
SCAN,737,1359
SCAN,738,1354
SCAN,739,1346
SCAN,740,1346
SCAN,741,1338
SCAN,742,1336
SCAN,743,1331
SCAN,744,1330
SCAN,745,1324
SCAN,746,1316
SCAN,747,1306
SCAN,748,1304
SCAN,749,1299
SCAN,750,1293
SCAN,751,1287
SCAN,752,1278
SCAN,753,1275
SCAN,754,1257
SCAN,755,1242
SCAN,756,1239
SCAN,757,1238
SCAN,758,1238
SCAN,759,1237
SCAN,760,1236
SCAN,761,1232
SCAN,762,1226
SCAN,763,1226
SCAN,764,1220
SCAN,765,1220
SCAN,766,1219
SCAN,767,1212
SCAN,768,1208
SCAN,769,1194
SCAN,770,1194
SCAN,771,1180
SCAN,772,1180
SCAN,773,1173
SCAN,774,1171
SCAN,775,1169
SCAN,776,1156
SCAN,777,1149
SCAN,778,1145
SCAN,779,1144
SCAN,780,1137
SCAN,781,1135
SCAN,782,1127
SCAN,783,1121
SCAN,784,1121
SCAN,785,1116
SCAN,786,1105
SCAN,787,1089
SCAN,788,1079
SCAN,789,1077
SCAN,790,1074
SCAN,791,1059
SCAN,792,1058
SCAN,793,1056
SCAN,794,1052
SCAN,795,1050
SCAN,796,1044
SCAN,797,1039
SCAN,798,1038
SCAN,799,1036
SCAN,800,1036
SCAN,801,1029
SCAN,802,1027
SCAN,803,1023
SCAN,804,1017
SCAN,805,1001
SCAN,806,996
SCAN,807,996
SCAN,808,987
SCAN,809,987
SCAN,810,985
SCAN,811,980
SCAN,812,976
SCAN,813,973
SCAN,814,965
SCAN,815,965
SCAN,816,963
SCAN,817,963
SCAN,818,952
SCAN,819,951
SCAN,820,951
SCAN,821,949
SCAN,822,933
SCAN,823,927
SCAN,824,923
SCAN,825,917
SCAN,826,912
SCAN,827,908
SCAN,828,903
SCAN,829,898
SCAN,830,897
SCAN,831,896
SCAN,832,888
SCAN,833,887
SCAN,834,883
SCAN,835,881
SCAN,836,878
SCAN,837,876
SCAN,838,872
SCAN,839,861
SCAN,840,858
SCAN,841,848
SCAN,842,845
SCAN,843,830
SCAN,844,817
SCAN,845,813
SCAN,846,808
SCAN,847,800
SCAN,848,790
SCAN,849,778
SCAN,850,774
SCAN,851,770
SCAN,852,766
SCAN,853,764
SCAN,854,762
SCAN,855,756
SCAN,856,745
SCAN,857,733
SCAN,858,732
SCAN,859,728
SCAN,860,724
SCAN,861,723
SCAN,862,722
SCAN,863,717
SCAN,864,707
SCAN,865,703
SCAN,866,685
SCAN,867,680
SCAN,868,680
SCAN,869,679
SCAN,870,674
SCAN,871,664
SCAN,872,661
SCAN,873,658
SCAN,874,655
SCAN,875,654
SCAN,876,653
SCAN,877,646
SCAN,878,645
SCAN,879,640
SCAN,880,631
SCAN,881,630
SCAN,882,625
SCAN,883,624
SCAN,884,622
SCAN,885,610
SCAN,886,607
SCAN,887,605
SCAN,888,602
SCAN,889,596
SCAN,890,595
SCAN,891,594
SCAN,892,583
SCAN,893,579
SCAN,894,567
SCAN,895,565
SCAN,896,555
SCAN,897,555
SCAN,898,554
SCAN,899,546
SCAN,900,542
SCAN,901,541
SCAN,902,535
SCAN,903,534
SCAN,904,528
SCAN,905,518
SCAN,906,516
SCAN,907,496
SCAN,908,486
SCAN,909,486
SCAN,910,483
SCAN,911,481
SCAN,912,476
SCAN,913,475
SCAN,914,472
SCAN,915,469
SCAN,916,464
SCAN,917,463
SCAN,918,458
SCAN,919,448
SCAN,920,446
SCAN,921,443
SCAN,922,438
SCAN,923,431
SCAN,924,418
SCAN,925,416
SCAN,926,409
SCAN,927,381
SCAN,928,374
SCAN,929,367
SCAN,930,360
SCAN,931,348
SCAN,932,345
SCAN,933,339
SCAN,934,326
SCAN,935,318
SCAN,936,299
SCAN,937,298
SCAN,938,296
SCAN,939,267
SCAN,940,262
SCAN,941,257
SCAN,942,255
SCAN,943,255
SCAN,944,250
SCAN,945,246
SCAN,946,242
SCAN,947,235
SCAN,948,235
SCAN,949,231
SCAN,950,228
SCAN,951,227
SCAN,952,216
SCAN,953,211
SCAN,954,207
SCAN,955,203
SCAN,956,201
SCAN,957,201
SCAN,958,191
SCAN,959,189
SCAN,960,187
SCAN,961,186
SCAN,962,184
SCAN,963,181
SCAN,964,178
SCAN,965,167
SCAN,966,151
SCAN,967,145
SCAN,968,143
SCAN,969,139
SCAN,970,139
SCAN,971,137
SCAN,972,135
SCAN,973,134
SCAN,974,129
SCAN,975,129
SCAN,976,128
SCAN,977,128
SCAN,978,105
SCAN,979,105
SCAN,980,102
SCAN,981,91
SCAN,982,83
SCAN,983,82
SCAN,984,79
SCAN,985,75
SCAN,986,61
SCAN,987,61
SCAN,988,58
SCAN,989,56
SCAN,990,52
SCAN,991,48
SCAN,992,47
SCAN,993,45
SCAN,994,36
SCAN,995,31
SCAN,996,30
SCAN,997,22
SCAN,998,19
SCAN,999,14
SCAN,1000,11
SCAN,1001,3
CSCAN,0,2500
CSCAN,1,2500
CSCAN,2,2510
CSCAN,3,2515
CSCAN,4,2522
CSCAN,5,2526
CSCAN,6,2532
CSCAN,7,2537
CSCAN,8,2537
CSCAN,9,2539
CSCAN,10,2543
CSCAN,11,2545
CSCAN,12,2548
CSCAN,13,2552
CSCAN,14,2553
CSCAN,15,2567
CSCAN,16,2572
CSCAN,17,2574
CSCAN,18,2578
CSCAN,19,2579
CSCAN,20,2580
CSCAN,21,2582
CSCAN,22,2582
CSCAN,23,2583
CSCAN,24,2590
CSCAN,25,2591
CSCAN,26,2603
CSCAN,27,2605
CSCAN,28,2609
CSCAN,29,2621
CSCAN,30,2621
CSCAN,31,2625
CSCAN,32,2629
CSCAN,33,2639
CSCAN,34,2639
CSCAN,35,2640
CSCAN,36,2641
CSCAN,37,2642
CSCAN,38,2657
CSCAN,39,2657
CSCAN,40,2675
CSCAN,41,2688
CSCAN,42,2688
CSCAN,43,2693
CSCAN,44,2708
CSCAN,45,2708
CSCAN,46,2710
CSCAN,47,2713
CSCAN,48,2714
CSCAN,49,2717
CSCAN,50,2717
CSCAN,51,2718
CSCAN,52,2720
CSCAN,53,2721
CSCAN,54,2723
CSCAN,55,2728
CSCAN,56,2729
CSCAN,57,2730
CSCAN,58,2742
CSCAN,59,2747
CSCAN,60,2750
CSCAN,61,2756
CSCAN,62,2759
CSCAN,63,2761
CSCAN,64,2768
CSCAN,65,2771
CSCAN,66,2775
CSCAN,67,2790
CSCAN,68,2793
CSCAN,69,2795
CSCAN,70,2815
CSCAN,71,2819
CSCAN,72,2830
CSCAN,73,2833
CSCAN,74,2837
CSCAN,75,2842
CSCAN,76,2846
CSCAN,77,2854
CSCAN,78,2856
CSCAN,79,2861
CSCAN,80,2872
CSCAN,81,2876
CSCAN,82,2885
CSCAN,83,2886
CSCAN,84,2887
CSCAN,85,2892
CSCAN,86,2900
CSCAN,87,2910
CSCAN,88,2923
CSCAN,89,2929
CSCAN,90,2930
CSCAN,91,2937
CSCAN,92,2941
CSCAN,93,2946
CSCAN,94,2947
CSCAN,95,2956
CSCAN,96,2964
CSCAN,97,2964
CSCAN,98,2974
CSCAN,99,2974
CSCAN,100,2978
CSCAN,101,2979
CSCAN,102,2980
CSCAN,103,2982
CSCAN,104,2984
CSCAN,105,2987
CSCAN,106,2989
CSCAN,107,2994
CSCAN,108,2995
CSCAN,109,2996
CSCAN,110,2997
CSCAN,111,2998
CSCAN,112,3010
CSCAN,113,3012
CSCAN,114,3022
CSCAN,115,3035
CSCAN,116,3038
CSCAN,117,3039
CSCAN,118,3044
CSCAN,119,3049
CSCAN,120,3056
CSCAN,121,3056
CSCAN,122,3058
CSCAN,123,3061
CSCAN,124,3065
CSCAN,125,3078
CSCAN,126,3079
CSCAN,127,3080
CSCAN,128,3081
CSCAN,129,3089
CSCAN,130,3089
CSCAN,131,3096
CSCAN,132,3114
CSCAN,133,3115
CSCAN,134,3116
CSCAN,135,3118
CSCAN,136,3137
CSCAN,137,3142
CSCAN,138,3143
CSCAN,139,3155
CSCAN,140,3164
CSCAN,141,3172
CSCAN,142,3173
CSCAN,143,3177
CSCAN,144,3179
CSCAN,145,3194
CSCAN,146,3202
CSCAN,147,3203
CSCAN,148,3205
CSCAN,149,3208
CSCAN,150,3218
CSCAN,151,3225
CSCAN,152,3235
CSCAN,153,3238
CSCAN,154,3241
CSCAN,155,3254
CSCAN,156,3258
CSCAN,157,3262
CSCAN,158,3264
CSCAN,159,3266
CSCAN,160,3269
CSCAN,161,3273
CSCAN,162,3281
CSCAN,163,3290
CSCAN,164,3298
CSCAN,165,3299
CSCAN,166,3300
CSCAN,167,3308
CSCAN,168,3310
CSCAN,169,3310
CSCAN,170,3312
CSCAN,171,3319
CSCAN,172,3327
CSCAN,173,3332
CSCAN,174,3338
CSCAN,175,3339
CSCAN,176,3340
CSCAN,177,3343
CSCAN,178,3345
CSCAN,179,3347
CSCAN,180,3351
CSCAN,181,3361
CSCAN,182,3371
CSCAN,183,3374
CSCAN,184,3376
CSCAN,185,3379
CSCAN,186,3381
CSCAN,187,3387
CSCAN,188,3398
CSCAN,189,3399
CSCAN,190,3401
CSCAN,191,3404
CSCAN,192,3408
CSCAN,193,3429
CSCAN,194,3430
CSCAN,195,3439
CSCAN,196,3443
CSCAN,197,3449
CSCAN,198,3455
CSCAN,199,3457
CSCAN,200,3460
CSCAN,201,3463
CSCAN,202,3491
CSCAN,203,3492
CSCAN,204,3498
CSCAN,205,3500
CSCAN,206,3508
CSCAN,207,3508
CSCAN,208,3517
CSCAN,209,3533
CSCAN,210,3536
CSCAN,211,3544
CSCAN,212,3545
CSCAN,213,3545
CSCAN,214,3551
CSCAN,215,3552
CSCAN,216,3557
CSCAN,217,3576
CSCAN,218,3595
CSCAN,219,3603
CSCAN,220,3605
CSCAN,221,3614
CSCAN,222,3618
CSCAN,223,3621
CSCAN,224,3624
CSCAN,225,3645
CSCAN,226,3654
CSCAN,227,3656
CSCAN,228,3657
CSCAN,229,3660
CSCAN,230,3667
CSCAN,231,3674
CSCAN,232,3676
CSCAN,233,3678
CSCAN,234,3680
CSCAN,235,3681
CSCAN,236,3683
CSCAN,237,3685
CSCAN,238,3689
CSCAN,239,3700
CSCAN,240,3705
CSCAN,241,3705
CSCAN,242,3706
CSCAN,243,3707
CSCAN,244,3709
CSCAN,245,3710
CSCAN,246,3720
CSCAN,247,3726
CSCAN,248,3727
CSCAN,249,3733
CSCAN,250,3741
CSCAN,251,3755
CSCAN,252,3761
CSCAN,253,3772
CSCAN,254,3773
CSCAN,255,3778
CSCAN,256,3786
CSCAN,257,3786
CSCAN,258,3788
CSCAN,259,3792
CSCAN,260,3793
CSCAN,261,3803
CSCAN,262,3815
CSCAN,263,3817
CSCAN,264,3822
CSCAN,265,3826
CSCAN,266,3832
CSCAN,267,3833
CSCAN,268,3834
CSCAN,269,3836
CSCAN,270,3842
CSCAN,271,3859
CSCAN,272,3863
CSCAN,273,3874
CSCAN,274,3889
CSCAN,275,3891
CSCAN,276,3895
CSCAN,277,3897
CSCAN,278,3916
CSCAN,279,3920
CSCAN,280,3930
CSCAN,281,3949
CSCAN,282,3958
CSCAN,283,3963
CSCAN,284,3964
CSCAN,285,3969
CSCAN,286,3971
CSCAN,287,3971
CSCAN,288,3975
CSCAN,289,3977
CSCAN,290,3977
CSCAN,291,3986
CSCAN,292,3988
CSCAN,293,3994
CSCAN,294,3995
CSCAN,295,3999
CSCAN,296,4009
CSCAN,297,4017
CSCAN,298,4020
CSCAN,299,4028
CSCAN,300,4036
CSCAN,301,4037
CSCAN,302,4043
CSCAN,303,4062
CSCAN,304,4063
CSCAN,305,4079
CSCAN,306,4080
CSCAN,307,4087
CSCAN,308,4089
CSCAN,309,4090
CSCAN,310,4105
CSCAN,311,4112
CSCAN,312,4113
CSCAN,313,4117
CSCAN,314,4120
CSCAN,315,4121
CSCAN,316,4128
CSCAN,317,4129
CSCAN,318,4144
CSCAN,319,4148
CSCAN,320,4151
CSCAN,321,4158
CSCAN,322,4166
CSCAN,323,4178
CSCAN,324,4185
CSCAN,325,4192
CSCAN,326,4193
CSCAN,327,4216
CSCAN,328,4217
CSCAN,329,4218
CSCAN,330,4219
CSCAN,331,4235
CSCAN,332,4242
CSCAN,333,4249
CSCAN,334,4259
CSCAN,335,4261
CSCAN,336,4263
CSCAN,337,4264
CSCAN,338,4265
CSCAN,339,4272
CSCAN,340,4273
CSCAN,341,4277
CSCAN,342,4281
CSCAN,343,4291
CSCAN,344,4297
CSCAN,345,4298
CSCAN,346,4307
CSCAN,347,4307
CSCAN,348,4334
CSCAN,349,4337
CSCAN,350,4339
CSCAN,351,4357
CSCAN,352,4359
CSCAN,353,4361
CSCAN,354,4365
CSCAN,355,4365
CSCAN,356,4370
CSCAN,357,4370
CSCAN,358,4374
CSCAN,359,4375
CSCAN,360,4385
CSCAN,361,4392
CSCAN,362,4393
CSCAN,363,4404
CSCAN,364,4404
CSCAN,365,4407
CSCAN,366,4411
CSCAN,367,4411
CSCAN,368,4435
CSCAN,369,4440
CSCAN,370,4446
CSCAN,371,4447
CSCAN,372,4466
CSCAN,373,4471
CSCAN,374,4481
CSCAN,375,4485
CSCAN,376,4486
CSCAN,377,4488
CSCAN,378,4493
CSCAN,379,4494
CSCAN,380,4497
CSCAN,381,4498
CSCAN,382,4500
CSCAN,383,4506
CSCAN,384,4508
CSCAN,385,4515
CSCAN,386,4515
CSCAN,387,4528
CSCAN,388,4528
CSCAN,389,4531
CSCAN,390,4533
CSCAN,391,4536
CSCAN,392,4542
CSCAN,393,4552
CSCAN,394,4565
CSCAN,395,4572
CSCAN,396,4581
CSCAN,397,4591
CSCAN,398,4592
CSCAN,399,4593
CSCAN,400,4593
CSCAN,401,4594
CSCAN,402,4594
CSCAN,403,4596
CSCAN,404,4604
CSCAN,405,4607
CSCAN,406,4608
CSCAN,407,4609
CSCAN,408,4610
CSCAN,409,4611
CSCAN,410,4613
CSCAN,411,4617
CSCAN,412,4622
CSCAN,413,4627
CSCAN,414,4635
CSCAN,415,4637
CSCAN,416,4637
CSCAN,417,4639
CSCAN,418,4651
CSCAN,419,4663
CSCAN,420,4667
CSCAN,421,4687
CSCAN,422,4695
CSCAN,423,4706
CSCAN,424,4706
CSCAN,425,4709
CSCAN,426,4712
CSCAN,427,4714
CSCAN,428,4715
CSCAN,429,4718
CSCAN,430,4724
CSCAN,431,4727
CSCAN,432,4729
CSCAN,433,4744
CSCAN,434,4746
CSCAN,435,4750
CSCAN,436,4752
CSCAN,437,4758
CSCAN,438,4765
CSCAN,439,4773
CSCAN,440,4776
CSCAN,441,4780
CSCAN,442,4782
CSCAN,443,4782
CSCAN,444,4787
CSCAN,445,4789
CSCAN,446,4793
CSCAN,447,4795
CSCAN,448,4803
CSCAN,449,4806
CSCAN,450,4811
CSCAN,451,4815
CSCAN,452,4822
CSCAN,453,4824
CSCAN,454,4829
CSCAN,455,4839
CSCAN,456,4843
CSCAN,457,4855
CSCAN,458,4860
CSCAN,459,4862
CSCAN,460,4872
CSCAN,461,4876
CSCAN,462,4877
CSCAN,463,4878
CSCAN,464,4880
CSCAN,465,4899
CSCAN,466,4907
CSCAN,467,4915
CSCAN,468,4922
CSCAN,469,4924
CSCAN,470,4924
CSCAN,471,4927
CSCAN,472,4930
CSCAN,473,4959
CSCAN,474,4972
CSCAN,475,4972
CSCAN,476,4973
CSCAN,477,4975
CSCAN,478,4982
CSCAN,479,4989
CSCAN,480,4992
CSCAN,481,4996
CSCAN,482,4999
CSCAN,483,0
CSCAN,484,3
CSCAN,485,11
CSCAN,486,14
CSCAN,487,19
CSCAN,488,22
CSCAN,489,30
CSCAN,490,31
CSCAN,491,36
CSCAN,492,45
CSCAN,493,47
CSCAN,494,48
CSCAN,495,52
CSCAN,496,56
CSCAN,497,58
CSCAN,498,61
CSCAN,499,61
CSCAN,500,75
CSCAN,501,79
CSCAN,502,82
CSCAN,503,83
CSCAN,504,91
CSCAN,505,102
CSCAN,506,105
CSCAN,507,105
CSCAN,508,128
CSCAN,509,128
CSCAN,510,129
CSCAN,511,129
CSCAN,512,134
CSCAN,513,135
CSCAN,514,137
CSCAN,515,139
CSCAN,516,139
CSCAN,517,143
CSCAN,518,145
CSCAN,519,151
CSCAN,520,167
CSCAN,521,178
CSCAN,522,181
CSCAN,523,184
CSCAN,524,186
CSCAN,525,187
CSCAN,526,189
CSCAN,527,191
CSCAN,528,201
CSCAN,529,201
CSCAN,530,203
CSCAN,531,207
CSCAN,532,211
CSCAN,533,216
CSCAN,534,227
CSCAN,535,228
CSCAN,536,231
CSCAN,537,235
CSCAN,538,235
CSCAN,539,242
CSCAN,540,246
CSCAN,541,250
CSCAN,542,255
CSCAN,543,255
CSCAN,544,257
CSCAN,545,262
CSCAN,546,267
CSCAN,547,296
CSCAN,548,298
CSCAN,549,299
CSCAN,550,318
CSCAN,551,326
CSCAN,552,339
CSCAN,553,345
CSCAN,554,348
CSCAN,555,360
CSCAN,556,367
CSCAN,557,374
CSCAN,558,381
CSCAN,559,409
CSCAN,560,416
CSCAN,561,418
CSCAN,562,431
CSCAN,563,438
CSCAN,564,443
CSCAN,565,446
CSCAN,566,448
CSCAN,567,458
CSCAN,568,463
CSCAN,569,464
CSCAN,570,469
CSCAN,571,472
CSCAN,572,475
CSCAN,573,476
CSCAN,574,481
CSCAN,575,483
CSCAN,576,486
CSCAN,577,486
CSCAN,578,496
CSCAN,579,516
CSCAN,580,518
CSCAN,581,528
CSCAN,582,534
CSCAN,583,535
CSCAN,584,541
CSCAN,585,542
CSCAN,586,546
CSCAN,587,554
CSCAN,588,555
CSCAN,589,555
CSCAN,590,565
CSCAN,591,567
CSCAN,592,579
CSCAN,593,583
CSCAN,594,594
CSCAN,595,595
CSCAN,596,596
CSCAN,597,602
CSCAN,598,605
CSCAN,599,607
CSCAN,600,610
CSCAN,601,622
CSCAN,602,624
CSCAN,603,625
CSCAN,604,630
CSCAN,605,631
CSCAN,606,640
CSCAN,607,645
CSCAN,608,646
CSCAN,609,653
CSCAN,610,654
CSCAN,611,655
CSCAN,612,658
CSCAN,613,661
CSCAN,614,664
CSCAN,615,674
CSCAN,616,679
CSCAN,617,680
CSCAN,618,680
CSCAN,619,685
CSCAN,620,703
CSCAN,621,707
CSCAN,622,717
CSCAN,623,722
CSCAN,624,723
CSCAN,625,724
CSCAN,626,728
CSCAN,627,732
CSCAN,628,733
CSCAN,629,745
CSCAN,630,756
CSCAN,631,762
CSCAN,632,764
CSCAN,633,766
CSCAN,634,770
CSCAN,635,774
CSCAN,636,778
CSCAN,637,790
CSCAN,638,800
CSCAN,639,808
CSCAN,640,813
CSCAN,641,817
CSCAN,642,830
CSCAN,643,845
CSCAN,644,848
CSCAN,645,858
CSCAN,646,861
CSCAN,647,872
CSCAN,648,876
CSCAN,649,878
CSCAN,650,881
CSCAN,651,883
CSCAN,652,887
CSCAN,653,888
CSCAN,654,896
CSCAN,655,897
CSCAN,656,898
CSCAN,657,903
CSCAN,658,908
CSCAN,659,912
CSCAN,660,917
CSCAN,661,923
CSCAN,662,927
CSCAN,663,933
CSCAN,664,949
CSCAN,665,951
CSCAN,666,951
CSCAN,667,952
CSCAN,668,963
CSCAN,669,963
CSCAN,670,965
CSCAN,671,965
CSCAN,672,973
CSCAN,673,976
CSCAN,674,980
CSCAN,675,985
CSCAN,676,987
CSCAN,677,987
CSCAN,678,996
CSCAN,679,996
CSCAN,680,1001
CSCAN,681,1017
CSCAN,682,1023
CSCAN,683,1027
CSCAN,684,1029
CSCAN,685,1036
CSCAN,686,1036
CSCAN,687,1038
CSCAN,688,1039
CSCAN,689,1044
CSCAN,690,1050
CSCAN,691,1052
CSCAN,692,1056
CSCAN,693,1058
CSCAN,694,1059
CSCAN,695,1074
CSCAN,696,1077
CSCAN,697,1079
CSCAN,698,1089
CSCAN,699,1105
CSCAN,700,1116
CSCAN,701,1121
CSCAN,702,1121
CSCAN,703,1127
CSCAN,704,1135
CSCAN,705,1137
CSCAN,706,1144
CSCAN,707,1145
CSCAN,708,1149
CSCAN,709,1156
CSCAN,710,1169
CSCAN,711,1171
CSCAN,712,1173
CSCAN,713,1180
CSCAN,714,1180
CSCAN,715,1194
CSCAN,716,1194
CSCAN,717,1208
CSCAN,718,1212
CSCAN,719,1219
CSCAN,720,1220
CSCAN,721,1220
CSCAN,722,1226
CSCAN,723,1226
CSCAN,724,1232
CSCAN,725,1236
CSCAN,726,1237
CSCAN,727,1238
CSCAN,728,1238
CSCAN,729,1239
CSCAN,730,1242
CSCAN,731,1257
CSCAN,732,1275
CSCAN,733,1278
CSCAN,734,1287
CSCAN,735,1293
CSCAN,736,1299
CSCAN,737,1304
CSCAN,738,1306
CSCAN,739,1316
CSCAN,740,1324
CSCAN,741,1330
CSCAN,742,1331
CSCAN,743,1336
CSCAN,744,1338
CSCAN,745,1346
CSCAN,746,1346
CSCAN,747,1354
CSCAN,748,1359
CSCAN,749,1360
CSCAN,750,1366
CSCAN,751,1368
CSCAN,752,1374
CSCAN,753,1378
CSCAN,754,1380
CSCAN,755,1381
CSCAN,756,1383
CSCAN,757,1386
CSCAN,758,1392
CSCAN,759,1400
CSCAN,760,1401
CSCAN,761,1407
CSCAN,762,1412
CSCAN,763,1415
CSCAN,764,1419
CSCAN,765,1423
CSCAN,766,1423
CSCAN,767,1427
CSCAN,768,1439
CSCAN,769,1441
CSCAN,770,1455
CSCAN,771,1457
CSCAN,772,1463
CSCAN,773,1465
CSCAN,774,1470
CSCAN,775,1471
CSCAN,776,1475
CSCAN,777,1476
CSCAN,778,1476
CSCAN,779,1478
CSCAN,780,1480
CSCAN,781,1484
CSCAN,782,1493
CSCAN,783,1499
CSCAN,784,1500
CSCAN,785,1502
CSCAN,786,1512
CSCAN,787,1519
CSCAN,788,1526
CSCAN,789,1526
CSCAN,790,1529
CSCAN,791,1532
CSCAN,792,1535
CSCAN,793,1548
CSCAN,794,1559
CSCAN,795,1574
CSCAN,796,1586
CSCAN,797,1587
CSCAN,798,1588
CSCAN,799,1590
CSCAN,800,1592
CSCAN,801,1592
CSCAN,802,1595
CSCAN,803,1595
CSCAN,804,1617
CSCAN,805,1620
CSCAN,806,1623
CSCAN,807,1627
CSCAN,808,1628
CSCAN,809,1630
CSCAN,810,1631
CSCAN,811,1642
CSCAN,812,1643
CSCAN,813,1646
CSCAN,814,1647
CSCAN,815,1648
CSCAN,816,1648
CSCAN,817,1649
CSCAN,818,1651
CSCAN,819,1651
CSCAN,820,1654
CSCAN,821,1662
CSCAN,822,1663
CSCAN,823,1667
CSCAN,824,1674
CSCAN,825,1676
CSCAN,826,1677
CSCAN,827,1701
CSCAN,828,1703
CSCAN,829,1705
CSCAN,830,1712
CSCAN,831,1712
CSCAN,832,1718
CSCAN,833,1719
CSCAN,834,1721
CSCAN,835,1727
CSCAN,836,1732
CSCAN,837,1733
CSCAN,838,1735
CSCAN,839,1745
CSCAN,840,1745
CSCAN,841,1752
CSCAN,842,1764
CSCAN,843,1765
CSCAN,844,1768
CSCAN,845,1769
CSCAN,846,1774
CSCAN,847,1775
CSCAN,848,1776
CSCAN,849,1778
CSCAN,850,1782
CSCAN,851,1786
CSCAN,852,1790
CSCAN,853,1791
CSCAN,854,1791
CSCAN,855,1797
CSCAN,856,1798
CSCAN,857,1798
CSCAN,858,1806
CSCAN,859,1819
CSCAN,860,1825
CSCAN,861,1826
CSCAN,862,1828
CSCAN,863,1836
CSCAN,864,1837
CSCAN,865,1840
CSCAN,866,1842
CSCAN,867,1853
CSCAN,868,1854
CSCAN,869,1855
CSCAN,870,1856
CSCAN,871,1863
CSCAN,872,1865
CSCAN,873,1868
CSCAN,874,1871
CSCAN,875,1873
CSCAN,876,1877
CSCAN,877,1895
CSCAN,878,1899
CSCAN,879,1900
CSCAN,880,1902
CSCAN,881,1911
CSCAN,882,1913
CSCAN,883,1920
CSCAN,884,1921
CSCAN,885,1923
CSCAN,886,1934
CSCAN,887,1936
CSCAN,888,1944
CSCAN,889,1950
CSCAN,890,1950
CSCAN,891,1955
CSCAN,892,1957
CSCAN,893,1960
CSCAN,894,1970
CSCAN,895,1973
CSCAN,896,1979
CSCAN,897,1980
CSCAN,898,1983
CSCAN,899,1985
CSCAN,900,1998
CSCAN,901,1998
CSCAN,902,2002
CSCAN,903,2005
CSCAN,904,2011
CSCAN,905,2014
CSCAN,906,2019
CSCAN,907,2022
CSCAN,908,2024
CSCAN,909,2027
CSCAN,910,2027
CSCAN,911,2028
CSCAN,912,2028
CSCAN,913,2029
CSCAN,914,2031
CSCAN,915,2032
CSCAN,916,2035
CSCAN,917,2036
CSCAN,918,2038
CSCAN,919,2044
CSCAN,920,2047
CSCAN,921,2050
CSCAN,922,2052
CSCAN,923,2053
CSCAN,924,2054
CSCAN,925,2062
CSCAN,926,2076
CSCAN,927,2079
CSCAN,928,2085
CSCAN,929,2094
CSCAN,930,2099
CSCAN,931,2108
CSCAN,932,2108
CSCAN,933,2109
CSCAN,934,2110
CSCAN,935,2111
CSCAN,936,2111
CSCAN,937,2114
CSCAN,938,2115
CSCAN,939,2118
CSCAN,940,2125
CSCAN,941,2130
CSCAN,942,2132
CSCAN,943,2132
CSCAN,944,2136
CSCAN,945,2140
CSCAN,946,2141
CSCAN,947,2145
CSCAN,948,2145
CSCAN,949,2159
CSCAN,950,2160
CSCAN,951,2160
CSCAN,952,2165
CSCAN,953,2166
CSCAN,954,2166
CSCAN,955,2176
CSCAN,956,2178
CSCAN,957,2184
CSCAN,958,2188
CSCAN,959,2189
CSCAN,960,2194
CSCAN,961,2207
CSCAN,962,2210
CSCAN,963,2217
CSCAN,964,2218
CSCAN,965,2232
CSCAN,966,2237
CSCAN,967,2257
CSCAN,968,2259
CSCAN,969,2264
CSCAN,970,2268
CSCAN,971,2283
CSCAN,972,2287
CSCAN,973,2287
CSCAN,974,2288
CSCAN,975,2299
CSCAN,976,2301
CSCAN,977,2304
CSCAN,978,2307
CSCAN,979,2310
CSCAN,980,2311
CSCAN,981,2316
CSCAN,982,2324
CSCAN,983,2332
CSCAN,984,2336
CSCAN,985,2353
CSCAN,986,2355
CSCAN,987,2361
CSCAN,988,2386
CSCAN,989,2392
CSCAN,990,2405
CSCAN,991,2407
CSCAN,992,2438
CSCAN,993,2443
CSCAN,994,2446
CSCAN,995,2450
CSCAN,996,2452
CSCAN,997,2477
CSCAN,998,2482
CSCAN,999,2487
CSCAN,1000,2488
CSCAN,1001,2491
CSCAN,1002,2492
